,,,,,,,"  86,205 ","  1,200.77 ",,,"  822,384 ","  199,061 ","  105,871 ","  7,000 ",,"  1,134,315 ",,,
Bill Date,Dispatch Date,Delay,Invoice Number,E Waybill Number,Party Name,Town,Case, Net Weight in MT,Vehicle Number,Vehicle Type, Freight, Extra Freight, Labour, Detention,LR no.,Transport Name,Remarks,Acknwoledgement Status,
1/Apr/26,1/Apr/26,0,8631930001,302221061975,VIJAY AGENCIES,NAKODAR,235,  3.01 ,PB08ES6983,3,"  1,945 ",,  -   ,,19225,Self,,RECD,
1/Apr/26,1/Apr/26,0,8631930002-32,352221079759-372221216691,S.K. TRADERS,HOSHIARPUR,580,  5.89 ,PB10HY1266,6,"  3,755 ","  1,745 ",  -   ,,19226,Aman Road,,Pending,
1/Apr/26,1/Apr/26,0,8631930003,392221091403,D.K. TRADING CO,PHAGWARA,245,  3.18 ,PB10FF1166,3,"  1,925 ",  475 ,  -   ,,19227,Aman Road,,RECD,
1/Apr/26,1/Apr/26,0,8631930004-33,372221102217-362221216698,LEKH RAJ & BROTHERS,NAWASAHAR,539,  5.68 ,HP836748,7,"  3,100 ","  1,400 ",  -   ,,19228,Aman Road,,RECD,
1/Apr/26,1/Apr/26,0,8631930005,392221125450,PARSHOTAM SINGH SAWRAN SINGH ,PHAGWARA,195,  3.21 ,PB10JR5386,3,"  1,950 ",  450 ,  -   ,,19229,Aman Road,,RECD,
1/Apr/26,1/Apr/26,0,8631930006,332221126260,ISHWER CHAND & SONS,NIHAL-SINGH-WALA,350,  5.88 ,PB10CC6921,6,"  5,285 ",  715 ,  -   ,,19230,Aman Road,,RECD,
1/Apr/26,1/Apr/26,0,8631930007-08,302221142999-392221144848,SHIV SHAKTI ENTERPRISES,RAJPURA,1010,  12.65 ,PB10GW6019,14,"  7,605 ","  1,395 ",  -   ,,19231,Aman Road,,RECD,
1/Apr/26,1/Apr/26,0,8631930010-11,352221153743-352221154775,AMAN TRADING CO,MOGA,400,  6.36 ,HP836748,7,"  4,005 ",  995 ,  500 ,,19232,Aman Road,Club With 19245,RECD,
1/Apr/26,1/Apr/26,0,8631930070,372221379767,CHANNA TRADERS,MOGA,26,  0.42 ,HP836748,,,,,,19245,Aman Road,Club With 19232,RECD,
1/Apr/26,2/Apr/26,1,8631930017-19-20-22-23,302221173663-322221174521-352221175325-342221176127-322221176949,RELIANCE RETAIL LTD,SAMBHU,555,  7.71 ,PB03BK9994,9,"  6,415 ","  2,085 ","  1,110 ",,19233,Aman Road,,RECD,
1/Apr/26,1/Apr/26,0,8631930024,312221203190,RAJIV KUMAR & SONS,PATIALA,200,  3.00 ,PB10KJ8947,3,"  2,630 ",  670 ,  -   ,,19234,Aman Road,,RECD,
1/Apr/26,1/Apr/26,0,8631930025-26-27-28-29-30,302221206604-382221207247-362221208017-372221208742-312221209370-362221210476,AADHAAR RETAILING LTD,LUDHIANA,882,  12.88 ,PB10GW6019,14,"  3,577 ","  1,573 ","  1,764 ",,19235,Aman Road,,RECD,
1/Apr/26,2/Apr/26,1,8631930031,372221211485,ANAND PARKASH ENTERPRISES,GURDASPUR,300,  2.70 ,PB10HC3852,10,"  10,700 ",  -   ,  -   ,,19236,New Sodhi,Club With 19238,RECD,
1/Apr/26,2/Apr/26,1,8631930035-36,362221221168-312221221824,J P TRADING CO,BATALA,475,  5.07 ,PB10HC3852,,,,,,19238,New Sodhi,Club With 19236,RECD,
1/Apr/26,1/Apr/26,0,8631930034,362221220165,SUBHASH CHANDER JIWAN KUMAR,MULLANPUR,430,  7.22 ,PB10JK6861,9,"  4,370 ",  -   ,  -   ,,19237,Aman Road,Club With 19240,Pending,
1/Apr/26,1/Apr/26,0,8631930039,362221254007,SUBHASH CHANDER JIWAN KUMAR,MULLANPUR,187,  3.14 ,PB10JK6861,,,,,,19240,Aman Road,Club With 19237,Pending,
1/Apr/26,2/Apr/26,1,8631930043-45-46-48-49,322221281102-322221282460-362221283353-332221284456-312221285664,WAL-MART INDIA PVT LTD,JALLANDHAR,956,  14.21 ,PB10GW6019,14,"  7,195 ","  1,965 ","  1,912 ",,19241,Aman Road,,RECD,
1/Apr/26,1/Apr/26,0,8631930060-62,372221366404-312221367636,WAL-MART INDIA PVT LTD,LUDHIANA,790,  11.78 ,PB07X9469,9,"  3,270 ",,"  1,580 ",,19242,Aman Road,,RECD,
1/Apr/26,1/Apr/26,0,8631930061,312221367540,MITTAL SALES CROP,JALLANDHAR,235,  2.68 ,PB10JR5386,3,"  2,125 ",  675 ,  -   ,,19243,Aman Road,,RECD,
1/Apr/26,2/Apr/26,1,8631930065-67-68-77,302221374349-342221375498-392221376764-312221391482,WAL-MART INDIA PVT LTD,LUDHIANA,589,  7.16 ,PB07X9469,9,"  2,150 ",,"  1,178 ",,19244,Aman Road,,RECD,
1/Apr/26,2/Apr/26,1,8631930071-72,302221381477-342221382351,METRO CASH & CARRY,ZIRAKPUR,645,  9.03 ,HR659993,9,"  6,438 ","  4,562 ","  1,613 ","  1,000 ",19246,Aman Road,Holtage 1 Day,RECD,
1/Apr/26,1/Apr/26,0,8631930073-74-75,352221383762-312221386277-392221387274,WAL-MART INDIA PVT LTD,LUDHIANA,460,  6.60 ,PB10JK6861,9,"  1,980 ","  1,520 ",  920 ,,19247,Aman Road,,RECD,
1/Apr/26,2/Apr/26,1,8631930076,372221391419,WAL-MART INDIA PVT LTD,LUDHIANA,425,  6.90 ,PB10JK6861,9,"  2,070 ","  1,430 ",  850 ,,19248,Aman Road,,RECD,
1/Apr/26,2/Apr/26,1,8631930081-82-83-84-85,382221417367-312221419119-332221420117-372221421237-332221422689,WAL-MART INDIA PVT LTD,ZIRAKPUR,795,  11.31 ,PB11CB2467,15,"  9,670 ",  -   ,  885 ,"  2,000 ",19249,Nice Transport,Club with 19311,RECD,
2/Apr/26,2/Apr/26,0,8631930148-49,372222108511-322222109577,AVENUE SUPERMARTS LTD.,ZIRAKPUR,177,  2.26 ,PB11CB2467,,,,,,19311,Nice Transport,Club with 19249,RECD,
2/Apr/26,2/Apr/26,0,8631930100,362221854807,OM PARKASH MEHTA AND BROTHERS,ANANDPUR,228,  3.00 ,PB08DS6626,15,"  2,905 ","  1,595 ",  -   ,,19250,Aman Road,,RECD,
2/Apr/26,3/Apr/26,1,8631930103,322221894728,JALANDHAR AGENCIES,JALLANDHAR,350,  5.25 ,PB10CC6921,5,"  3,185 ","  1,315 ",  -   ,,19301,Aman Road,,RECD,
2/Apr/26,2/Apr/26,0,8631930104,312221899551,KRISHNA TRADERS,BALLOKE,184,  3.09 ,PB10FF1166,3,"  1,235 ",  365 ,  -   ,,19302,Aman Road,,RECD,
2/Apr/26,2/Apr/26,0,8631930106-07,332221914157-312221916272,AVENUE SUPERMARTS LTD.,BARNALA,285,  3.91 ,PB10CC6921,5,"  3,300 ","  1,200 ","  1,425 ",,19303,Aman Road,,RECD,
2/Apr/26,2/Apr/26,0,8631930109-10,362221926557-322221928308,CHAUDHARIYAN DI HATTI,KHAMANO,210,  2.93 ,PB10JR5386,3,"  2,050 ",  750 ,  -   ,,19304,Aman Road,,Pending,
2/Apr/26,3/Apr/26,1,8631930111-12-13,372221955046-312221960068-342221962089,AVENUE SUPERMARTS LTD.,AMRITSAR,225,  3.70 ,PB08BB9296,10,"  12,000 ",  -   ,"  2,860 ",,19305,New Sodhi,Club With 19308-310,RECD,
2/Apr/26,3/Apr/26,1,8631930134-35-37,372222057239-382222058842-352222061867,AVENUE SUPERMARTS LTD.,PHAGWARA,255,  3.60 ,PB08BB9296,,,,,,19308,New Sodhi,Club With 19305-310,RECD,
2/Apr/26,3/Apr/26,1,8631930140-45-46,352222075941-322222099166-302222101171,AVENUE SUPERMARTS LTD.,JALLANDHAR,92,  1.50 ,PB08BB9296,,,,,,19310,New Sodhi,Club With 19305-308,RECD,
2/Apr/26,3/Apr/26,1,8631930119-20,312222016609-352222017787,AVENUE SUPERMARTS LTD.,PATHANKOT,264,  3.63 ,HP12E2922,6,"  8,800 ",,"  1,320 ",,19306,Aman Road,,RECD,
2/Apr/26,3/Apr/26,1,8631930131-32,342222050648-392222051873,AVENUE SUPERMARTS LTD.,GOBINDGARH,240,  3.20 ,HP836748,7,"  6,175 ","  1,525 ","  2,720 ",,19307,Aman Road,Club With 19316,RECD,
3/Apr/26,3/Apr/26,0,8631930183-84,342222605745-362222606504,AVENUE SUPERMARTS LTD.,ZIRAKPUR,304,  3.33 ,HP836748,,,,,,19316,Aman Road,Club With 19307,Pending,
2/Apr/26,3/Apr/26,1,8631930139-41-42,352222071585-312222080831-392222083298,AVENUE SUPERMARTS LTD.,LUDHIANA,190,  2.54 ,PB10JR5386,3,"  1,200 ",  300 ,  950 ,,19309,Aman Road,,RECD,
2/Apr/26,3/Apr/26,1,8631930143-44,392222088909-392222090090,AVENUE SUPERMARTS LTD.,LUDHIANA,89,  1.31 ,PB10FF1166,3,"  1,200 ",  800 ,  445 ,,19312,Aman Road,,RECD,
3/Apr/26,3/Apr/26,0,8631930175,302222494109,SHIV SHAKTI ENTERPRISES,RAJPURA,532,  7.60 ,PB11BN5672,15,"  5,410 ",,  -   ,,19313,Nice Transport,,RECD,
3/Apr/26,3/Apr/26,0,8631930178,302222560301,BALA JI TRADERS,PATIALA,257,  3.40 ,PB10JK6861,9,"  5,410 ","  1,090 ","  2,504 ",,19314,Aman Road,Club With 19315,RECD,
3/Apr/26,3/Apr/26,0,8631930180-81-82,382222602326-372222603061-382222604463,AVENUE SUPERMARTS LTD.,PATIALA,313,  4.40 ,PB10JK6861,,,,,,19315,Aman Road,Club With 19314,RECD,
3/Apr/26,5/Apr/26,2,8631930185-86-87,312222606950-362222607578-382222608605,AVENUE SUPERMARTS LTD.,MOHALI,105,  1.31 ,PB10GY7337,3,"  2,430 ","  2,070 ",  930 ,,19317,New Sodhi,Club With 19318,RECD,
3/Apr/26,5/Apr/26,2,8631930188-89-90,382222610262-322222610925-352222611729,AVENUE SUPERMARTS LTD.,MOHALI,81,  1.07 ,PB10GY7337,,,,,,19318,New Sodhi,Club With 19317,RECD,
3/Apr/26,3/Apr/26,0,8631930191-92,352222642758-322222643707,AVENUE SUPERMARTS LTD.,NAWASAHAR,137,  1.88 ,PB10JR5386,3,"  1,975 ",  825 ,  685 ,,19319,Aman Road,,RECD,
3/Apr/26,3/Apr/26,0,8631930201,382222708215,SUBHASH CHANDER JIWAN KUMAR,MULLANPUR,280,  2.91 ,PB10HS8312,3,"  1,374 ",,  -   ,,19320,Self,,RECD,
4/Apr/26,4/Apr/26,0,8631930225-26-27,332223266759--342223267445-302223269478,WAL-MART INDIA PVT LTD,AMRITSAR,432,  5.64 ,PB10JK6861,9,"  9,000 ",,  -   ,,19321,Aman Road,,RECD,
4/Apr/26,4/Apr/26,0,8631930229-30-31,322223326021-342223326535-342223326634,WAL-MART INDIA PVT LTD,JALLANDHAR,375,  5.29 ,PB07X9469,9,"  3,210 ","  1,790 ",  750 ,,19322,Aman Road,,RECD,
4/Apr/26,5/Apr/26,1,8631930240-42,312223400533-342223402992,AVENUE SUPERMARTS LTD.,JALLANDHAR,208,  2.70 ,PB10FF1166,3,"  2,125 ",  875 ,"  1,140 ",,19323,Aman Road,,Pending,
4/Apr/26,4/Apr/26,0,8631930256-57-58,322223453709-322223454434-302223455220,AADHAAR RETAILING LTD,LUDHIANA,267,  3.50 ,PB10GW6019,14,"  1,400 ","  1,100 ",  534 ,,19324,Aman Road,,RECD,
6/Apr/26,6/Apr/26,0,8631930286,342224293999,B.K. SHARMA & CO,MUKERIAN,220,  3.13 ,PB10JR5386,3,"  5,500 ",,  -   ,,19325,Aman Road,,RECD,
6/Apr/26,6/Apr/26,0,8631930292-93,312224348232-372224351382,JALANDHAR AGENCIES,JALLANDHAR,200,  2.50 ,PB08DS6626,3,"  2,125 ",  675 ,  -   ,,19326,Aman Road,,RECD,
6/Apr/26,6/Apr/26,0,8631930294-95-96-97-98,322224351415-302224352962-352224354538-372224356035-352224356886,WAL-MART INDIA PVT LTD,LUDHIANA,244,  3.43 ,PB07X9469,9,"  1,370 ",  630 ,  488 ,,19327,Aman Road,,RECD,
6/Apr/26,7/Apr/26,1,8631930299-300,352224358121-342224359093,AVENUE SUPERMARTS LTD.,LUDHIANA,96,  1.39 ,PB10FF1166,3,"  1,200 ",  800 ,  480 ,,19328,Aman Road,,Pending,
6/Apr/26,6/Apr/26,0,8631930305-07,372224458823-342224459715,AVENUE SUPERMARTS LTD.,LUDHIANA,89,  1.22 ,PB10GY7337,3,"  1,200 ",  300 ,  445 ,,19329,New Sodhi,,RECD,
6/Apr/26,6/Apr/26,0,8631930312-13,312224507242-302224509344,AVENUE SUPERMARTS LTD.,AMRITSAR,476,  6.15 ,PB08BB9296,10,"  9,000 ",,"  2,380 ",,19330,New Sodhi,,RECD,
6/Apr/26,7/Apr/26,1,8631930314-15,362224523256-372224528212,SHIV SHAKTI ENTERPRISES,RAJPURA,729,  7.34 ,PB08BP6377,12,"  5,410 ",,  -   ,,19331,Nice Transport,,RECD,
7/Apr/26,7/Apr/26,0,8631930355,302224956610,JANAK RAJ & SONS,LUDHIANA,650,  8.45 ,PB10JK6861,9,"  2,500 ",  700 ,  -   ,,19332,Aman Road,,RECD,
7/Apr/26,7/Apr/26,0,8631930357-58-59,312225001110-352225002409-342225006622,AMAN TRADING CO,MOGA,475,  7.60 ,PB11CN8710,12,"  6,274 ","  1,226 ",  -   ,,19333,New Sodhi,Club With 19340,RECD,
7/Apr/26,7/Apr/26,0,8631930366-70-71,332225085673-342225096285-332225102550,MAHAVIR TRADING CO,MULLANPUR,325,  4.80 ,PB11CN8710,,,,,,19340,New Sodhi,Club With 19333,RECD,
7/Apr/26,7/Apr/26,0,8631930392,382225252876,EKAM TRADING CO,LUDHIANA,20,  0.40 ,PB10HQ7343,1,  500 ,,  -   ,,19334,Self,,RECD,
7/Apr/26,7/Apr/26,0,8631930363-64,362225078700-312225079539,AVENUE SUPERMARTS LTD.,AMRITSAR,389,  5.47 ,PB06G2315,6,"  8,000 ",,"  1,945 ",,19335,New Sodhi,,RECD,
7/Apr/26,9/Apr/26,2,8631930365-67-68-69-72,362225083324-362225090788-372225092901-372225093962-362225104919,AVENUE SUPERMARTS LTD.,JALLANDHAR,403,  5.72 ,PB07X9469,9,"  3,470 ","  1,530 ","  2,015 ",,19336,Aman Road,,RECD,
7/Apr/26,7/Apr/26,0,8631930375-76-77,312225129074-302225129662-382225130697,AVENUE SUPERMARTS LTD.,BANUR,158,  2.29 ,PB10CC6921,5,"  3,745 ","  1,655 ",  790 ,,19337,Aman Road,Club With 19338,Pending,
7/Apr/26,7/Apr/26,0,8631930378-79,392225152243-322225153287,AVENUE SUPERMARTS LTD.,SAHNEWAL,86,  1.07 ,PB10CC6921,,,,,,19338,Aman Road,Club With 19337,RECD,
7/Apr/26,7/Apr/26,0,8631930380-81,382225165909-382225166902,AVENUE SUPERMARTS LTD.,PATIALA,181,  2.28 ,PB10GY7337,3,"  2,630 ",  370 ,  905 ,,19339,New Sodhi,,RECD,
7/Apr/26,7/Apr/26,0,8631930385,372225217900,BHARAT BHUSHAN & SONS,MOGA,465,  6.40 ,PB07X9469,9,"  3,790 ","  1,210 ",  -   ,,19341,Aman Road,,RECD,
7/Apr/26,7/Apr/26,0,8631930387-88,372225235407-372225236611,SHIV SHAKTI TRADERS,RAJPURA,400,  4.37 ,PB10DG9967,15,"  3,740 ",  760 ,  -   ,,19342,Nice Transport,,RECD,
7/Apr/26,7/Apr/26,0,8631930401,352225317387,OM PARKASH MEHTA AND BROTHERS,ANANDPUR,286,  2.83 ,PB10JR5386,3,"  2,900 ","  1,600 ",  -   ,,19343,Aman Road,,RECD,
7/Apr/26,7/Apr/26,0,8631930360,352225022692,MITTAL SALES CROP,JALLANDHAR,280,  3.07 ,PB08DS6626,3,"  2,175 ",  625 ,  -   ,,19344,Aman Road,,RECD,
8/Apr/26,8/Apr/26,0,8631930426-27,312225702705-312225704727,PARSHOTAM SINGH SAWRAN SINGH ,PHAGWARA,930,  13.66 ,PB07AL1537,15,"  4,840 ","  2,660 ",  -   ,,19345,Aman Road,,RECD,
8/Apr/26,8/Apr/26,0,8631930428-29,312225710849-322225711829,LOVELY SWEETS,JALLANDHAR,296,  4.18 ,PB10CC6921,5,"  2,960 ","  1,540 ",  -   ,,19346,Aman Road,,RECD,
8/Apr/26,9/Apr/26,1,8631930433-34-35,392225842500-352225843176-372225844047,AVENUE SUPERMARTS LTD.,PATHANKOT,273,  3.52 ,PB10JP8564,3,"  8,200 ",,"  1,365 ",,19347,New Sodhi,,RECD,
8/Apr/26,10/Apr/26,2,8631930436-37-38-39-41,372225850057-352225850907-302225852010-302225854610-362225860561,AADHAAR RETAILING LTD,LUDHIANA,199,  2.50 ,PB10JP8564,3,"  1,200 ",  300 ,  398 ,,19348,New Sodhi,,RECD,
8/Apr/26,8/Apr/26,0,8631930449,362225912073,VIJAY AGENCIES,NAKODAR,180,  1.90 ,PB08BZ9791,3,"  1,230 ",,  -   ,,19349,Self,,RECD,
9/Apr/26,9/Apr/26,0,8631930479,352226516082,SUBHASH CHANDER JIWAN KUMAR,MULLANPUR,381,  6.00 ,PB10HS8312,3,"  2,371 ",,  -   ,,19350,Self,,RECD,
9/Apr/26,9/Apr/26,0,8631930480,392226526025,KHUSHI RAM RAJ PAL JAIN,HOSHIARPUR,380,  6.01 ,PB07AS6258,6,"  3,830 ",,  -   ,,23001,Self,,RECD,
9/Apr/26,10/Apr/26,1,8631930481,322226540701,KARAM CHAND & SONS,MOGA,190,  3.19 ,PB10Y9429,3,"  2,180 ",  220 ,  -   ,,23002,New Sodhi,,RECD,
9/Apr/26,9/Apr/26,0,8631930482,392226554282,GAURAV TRADING CO,SAROYA,210,  3.19 ,PB10JR5386,3,"  2,340 ",  850 ,  -   ,,23003,Aman Road,,RECD,
9/Apr/26,9/Apr/26,0,8631930487-89-90-91-95,392226595249-332226596202-392226597344-312226598596-392226611529,RELIANCE RETAIL LTD,SAMBHU,431,  4.72 ,PB10CC6921,5,"  4,730 ","  1,270 ",  862 ,,23004,Aman Road,,RECD,Extra Labour 500 Rs
9/Apr/26,9/Apr/26,0,8631930496-97,312226618258-302226618903,AVENUE SUPERMARTS LTD.,JALLANDHAR,225,  2.94 ,PB08DS6626,3,"  2,125 ",  675 ,"  1,125 ",,23005,Aman Road,,RECD,
9/Apr/26,9/Apr/26,0,8631930515-16-17,342226712504-362226714142-362226716416,AVENUE SUPERMARTS LTD.,PHAGWARA,281,  3.88 ,PB08BB9296,10,"  4,555 ",  745 ,"  1,405 ",,23006,New Sodhi,Club With 23008,RECD,
9/Apr/26,9/Apr/26,0,8631930508-09-10-11-13,382226687556-332226688301-322226692820-312226698180-372226701329,WAL-MART INDIA PVT LTD,JALLANDHAR,310,  4.80 ,PB08BB9296,,,,,,23008,New Sodhi,Club With 23006,RECD,
9/Apr/26,10/Apr/26,1,8631930502-03,372226642312-302226644867,AVENUE SUPERMARTS LTD.,JANDIYALA,217,  2.80 ,PB08BB9296,10,"  10,000 ","  2,965 ","  2,965 ",,23007,New Sodhi,Club With 23027,RECD,
10/Apr/26,10/Apr/26,,8631930571-72-73,332227478321-312227479302-312227480953,AVENUE SUPERMARTS LTD.,AMRITSAR,376,  5.29 ,PB08BB9296,,,,,,23027,New Sodhi,Club With 23007,RECD,
9/Apr/26,9/Apr/26,,8631930498-99-500,352226630618-382226631467-342226632525,AVENUE SUPERMARTS LTD.,NAWASAHAR,150,  2.05 ,PB06G2315,6,"  3,015 ","  1,485 ",  750 ,,23009,New Sodhi,Club With 23011,RECD,
9/Apr/26,9/Apr/26,,8631930493,332226600110,LEKH RAJ & BROTHERS,NAWASAHAR,300,  3.48 ,PB06G2315,,,,,,23011,New Sodhi,Club With 23009,RECD,
9/Apr/26,9/Apr/26,,8631930504-05-06-07,362226651092-312226652157-352226656304-332226658599,WAL-MART INDIA PVT LTD,LUDHIANA,235,  3.25 ,HP836748,7,"  1,300 ","  1,200 ",  470 ,,23010,Aman Road,,RECD,
9/Apr/26,10/Apr/26,,8631930501,332226634953,HARBANS LAL & SONS,MAKHU,199,  3.20 ,PB05AS3153,3,"  3,075 ",  425 ,  -   ,,23012,New Sodhi,,RECD,
9/Apr/26,10/Apr/26,,8631930512,362226699328,ANAND PARKASH ENTERPRISES,GURDASPUR,620,  9.15 ,PB10HC3852,10,"  10,000 ",,  -   ,,23013,New Sodhi,,RECD,
9/Apr/26,10/Apr/26,,8631930518,382226717415,SHARMA ENTERPRISES,KAPURTHALA,151,  2.47 ,PB07X9469,9,"  4,200 ","  1,800 ",  -   ,,23014,Aman Road,Club With 23015-16,RECD,
9/Apr/26,10/Apr/26,,8631930520,352226740805,PAWAN TRADING CO,PHAGWARA,100,  0.90 ,PB07X9469,,,,,,23015,Aman Road,Club With 23014-16,RECD,
9/Apr/26,10/Apr/26,,8631930519,352226738925,MALHAN TRADERS,PHAGWARA,224,  3.21 ,PB07X9469,,,,,,23016,Aman Road,Club With 23014-15,RECD,
9/Apr/26,9/Apr/26,,8631930524-26,382226756489-382226757750,AVENUE SUPERMARTS LTD.,ZIRAKPUR,188,  2.74 ,PB10GY7337,3,"  3,340 ",  260 ,  940 ,,23017,New Sodhi,,RECD,
10/Apr/26,10/Apr/26,,8631930549,312227230671,ISHWER CHAND & SONS,NIHAL-SINGH-WALA,200,  2.97 ,HP836748,7,"  5,315 ","  1,000 ",  -   ,,23018,Aman Road,Club With 23019,RECD,
10/Apr/26,10/Apr/26,,8631930550,322227231664,MAHAVIR TRADING CO,MULLANPUR,295,  4.86 ,HP836748,,,,,,23019,Aman Road,Club With 23018,Pending,
10/Apr/26,10/Apr/26,,8631930552-53-54,302227243142-362227246264-322227262130,SURINDER KUMAR BHARAT BHUSHAN,PHAGWARA,592,  9.33 ,HR58B4175,15,"  3,300 ","  2,700 ",  -   ,,23020,Sat Sahib ,,RECD,
10/Apr/26,10/Apr/26,,8631930555,362227294247,SUBHASH CHANDER JIWAN KUMAR,MULLANPUR,402,  6.08 ,HP836748,7,"  2,400 ",  600 ,  -   ,,23021,Aman Road,,RECD,
10/Apr/26,10/Apr/26,,8631930556,332227305298,BAJAJ OIL & BANSPATI TRADING CO,JALLANDHAR,211,  3.10 ,PB08DS6626,3,"  2,197 ",  603 ,  -   ,,23022,Aman Road,,RECD,
10/Apr/26,10/Apr/26,,8631930560,312227406298,DHARAM PAL SUSHIL KUMAR,SAHKOT,180,  3.02 ,PB10JP8564,4,"  3,000 ",  -   ,  -   ,,23023,New Sodhi,,RECD,
10/Apr/26,11/Apr/26,,8631930563,342227423449,D D R VEGG OILS,BATHINDA,231,  3.03 ,PB13AL6762,3,"  4,500 ",  -   ,  -   ,,23024,New Sodhi,,RECD,
10/Apr/26,11/Apr/26,,8631930564,382227470054,BRIJ LAL SOHAN LAL,BARNALA,225,  3.30 ,PB10ES2351,3,"  2,782 ",  718 ,  -   ,,23025,New Sodhi,,RECD,
10/Apr/26,10/Apr/26,,8631930566-67,312227463868-322227466183,AVENUE SUPERMARTS LTD.,MANDI-GOBINDGARH,188,  2.60 ,PB10JR5386,3,"  1,745 ","  1,055 ",  940 ,,23026,Aman Road,,RECD,
10/Apr/26,10/Apr/26,,8631930578-81-96,352227496600-382227500591-392227539671,AVENUE SUPERMARTS LTD.,LUDHIANA,91,  1.39 ,PB10GY7337,3,"  1,200 ",  300 ,  455 ,,23028,New Sodhi,,RECD,
10/Apr/26,11/Apr/26,,8631930583-84-85-87,332227517091-312227518535-352227521465-312227521900,AADHAAR RETAILING LTD,LUDHIANA,225,  3.82 ,PB10JP8564,4,"  1,500 ",  500 ,  450 ,,23029,New Sodhi,,RECD,
11/Apr/26,12/Apr/26,,8631930625,362228047851,LAHORI MAL BIMAL CHAND JAIN,ROPAR,240,  3.00 ,PB08DS6626,3,"  2,430 ",  870 ,  -   ,,23030,Aman Road,,RECD,
11/Apr/26,11/Apr/26,,8631930633-34,362227140907-372228143602,AVENUE SUPERMARTS LTD.,MOHALI,139,  1.84 ,PB10GY7337,3,"  2,430 ","  1,170 ",  695 ,,23033,New Sodhi,,RECD,
11/Apr/26,12/Apr/26,,8631930630-31-32,382228128475-352228131544-392228132578,AVENUE SUPERMARTS LTD.,BANUR,176,  2.39 ,PB10JR5386,3,"  3,340 ",  260 ,  880 ,,23032,Aman Road,,RECD,
11/Apr/26,11/Apr/26,,8631930627-28-29,372228118796-302228119376-342228122082,AVENUE SUPERMARTS LTD.,JALLANDHAR,272,  3.75 ,HP836748,7,"  2,656 ","  2,344 ","  1,360 ",,23031,Aman Road,,RECD,
13/Apr/26,15/Apr/26,,8631930651-52,362229078467-332229800236,AVENUE SUPERMARTS LTD.,JALLANDHAR,323,  4.68 ,HP836748,7,"  3,035 ","  1,965 ","  1,615 ",,23035,Aman Road,,Pending,
13/Apr/26,13/Apr/26,,8631930648-49-50,312229070525-302229071707-332229073926,AVENUE SUPERMARTS LTD.,PATIALA,179,  2.49 ,PB10JR5386,3,"  2,630 ",  670 ,"  1,432 ",,23034,Aman Road,,RECD,
13/Apr/26,13/Apr/26,,8631930654-55,332229105919-342229107426,SHIV SHAKTI ENTERPRISES,RAJPURA,490,  4.92 ,PB11CB2467,15,"  3,740 ",  760 ,  -   ,,23037,Nice Transport,,RECD,
13/Apr/26,13/Apr/26,,8631930653,392229095928,S.K. TRADERS,HOSHIARPUR,230,  3.20 ,PB06G2315,6,"  8,500 ",  -   ,  -   ,,23036,New Sodhi,Club With 23040,RECD,
13/Apr/26,13/Apr/26,,8631930659,302229147123,OM PARKASHMAHAJAN & CO,DHARIWAL,220,  3.30 ,PB06G2315,,,,,,23040,New Sodhi,Club With 23036,RECD,
13/Apr/26,13/Apr/26,,8631930657-58,322229122928-362229124492,AVENUE SUPERMARTS LTD.,AMRITSAR,350,  5.50 ,HP836748,7,"  8,500 ",,"  1,750 ",,23039,Aman Road,,RECD,
13/Apr/26,13/Apr/26,,8631930675,302229287148,KARAM CHAND & SONS,MOGA,450,  7.56 ,PB07X9469,9,"  4,555 ","  1,245 ",  -   ,,23041,Aman Road,,RECD,
13/Apr/26,14/Apr/26,,8631930677,322229297172,S.K. TRADERS,HOSHIARPUR,220,  3.56 ,PB10FF1166,3,"  2,884 ",  416 ,  -   ,,23042,Aman Road,,Pending,
15/Apr/26,15/Apr/26,,8631930694-95,392230323511-372230325751,PARSHOTAM SINGH SAWRAN SINGH ,PHAGWARA,323,  5.23 ,HP836748,7,"  2,766 ","  1,234 ",  880 ,,23043,Aman Road,Club With 23044,RECD,
15/Apr/26,15/Apr/26,,8631930696,302230355265,PARSHOTAM SINGH SAWRAN SINGH ,PHAGWARA,50,  0.84 ,HP836748,,,,,,23044,Aman Road,Club With 23043,RECD,
15/Apr/26,15/Apr/26,,8631930697,332230378568,BHARAT BHUSHAN & SONS,Moga,650,  10.21 ,PB10GW6019,14,"  6,721 ","  1,979 ",  -   ,,23045,Aman Road,Club With 23057,RECD,
15/Apr/26,15/Apr/26,,8631930723-24,312230629598-342230630458,AMAN TRADING CO,Moga,205,  3.08 ,PB10GW6019,,,,  -   ,,23057,Aman Road,Club With 23045,RECD,
15/Apr/26,15/Apr/26,,8631930700-01-02,372230400553-392230401549-332230403097,AVENUE SUPERMARTS LTD.,ZIRAKPUR,194,  2.59 ,PB10FF3278,3,"  3,340 ",  460 ,  970 ,,23046,Lord Krishna,,RECD,
15/Apr/26,15/Apr/26,,8631930703,322230411109,RELIANCE RETAIL LTD,SAMBHU,644,  8.08 ,PB11BN9715,20,"  6,415 ",  -   ,"  1,290 ",,23047,Nice Transport,,RECD,
15/Apr/26,17/Apr/26,,8631930704-05,352230418662-342230420028,AVENUE SUPERMARTS LTD.,LUDHIANA,113,  1.61 ,PB10JR5386,3,"  1,200 ",  800 ,  565 ,,23048,Aman Road,,Pending,
15/Apr/26,15/Apr/26,,8631930706,392230438930,AIRPLAZA RETAIL HOLDING,MOHALI,200,  3.36 ,PB10JR5386,3,"  2,721 ","  1,579 ",  600 ,,23049,Aman Road,,Pending,
15/Apr/26,15/Apr/26,,8631930707,342230441805,AIRPLAZA RETAIL HOLDING,LUDHIANA,200,  3.36 ,PB10FF1166,3,"  1,344 ",  856 ,  600 ,,23050,Aman Road,,RECD,
15/Apr/26,15/Apr/26,,8631930708,382230449489,AIRPLAZA RETAIL HOLDING,NABHA,200,  3.36 ,PB10KJ8947,3,"  3,200 ",  -   ,  700 ,,23051,Aman Road,,RECD,
15/Apr/26,16/Apr/26,,8631930709-10,312230463459-322230464398,AIRPLAZA RETAIL HOLDING,LUDHIANA,200,  3.36 ,PB10FF1166,3,"  1,344 ",  956 ,  800 ,,23052,Aman Road,,RECD,
15/Apr/26,15/Apr/26,,8631930711,382230468062,MANGAT RAI & SONS,DHARAMKOT,194,  3.10 ,PB10HY1266,6,"  4,021 ","  1,779 ",  600 ,,23053,Aman Road,Club With 23054,Pending,
15/Apr/26,15/Apr/26,,8631930712,362230470090,AIRPLAZA RETAIL HOLDING,MOGA,200,  3.36 ,PB10HY1266,,,,,,23054,Aman Road,Club With 23053,Pending,
15/Apr/26,15/Apr/26,,8631930713,312230473771,AIRPLAZA RETAIL HOLDING,KHARAR,400,  6.72 ,HP836748,7,"  4,079 ","  2,421 ","  1,200 ",,23055,Aman Road,,RECD,
15/Apr/26,16/Apr/26,,8631930726,372230635704,AIRPLAZA RETAIL HOLDING,KHANNA,200,  3.36 ,PB10JR5386,3,"  1,870 ",  730 ,  400 ,,23056,Aman Road,,Pending,
15/Apr/26,16/Apr/26,,8631930728,342230640770,SUBHASH CHANDER JIWAN KUMAR,MULLANPUR,180,  3.02 ,PB10GY7337,3,"  1,374 ",  -   ,  -   ,,23058,Self,,RECD,
15/Apr/26,15/Apr/26,,8631930731,322230647155,EKAM TRADING CO,LUDHIANA,22,  0.45 ,PB10HQ7343,1,  500 ,  -   ,  -   ,,23059,Self,,RECD,
15/Apr/26,15/Apr/26,,8631930733,392230656561,JALANDHAR AGENCIES,JALLANDHAR,125,  1.83 ,PB08DS6626,3,"  2,125 ",  675 ,  -   ,,23060,Aman Road,Club With 23063,Pending,
15/Apr/26,15/Apr/26,,8631930738,322230674294,BIHARI LAL AMRIT PAUL,JALLANDHAR,32,  0.69 ,PB08DS6626,,,,,,23063,Aman Road,Club With 23060,Pending,
15/Apr/26,15/Apr/26,,8631930734,322230661481,VIJAY AGENCIES,NAKODAR,125,  1.61 ,PB03BZ8039,2,"  1,296 ",  -   ,  -   ,,23061,Self,,RECD,
15/Apr/26,16/Apr/26,,8631930737,332230670732,PARSHOTAM LAL VISHWA NATH,JALLANDHAR,200,  3.00 ,PB08DS6626,3,"  2,125 ",  675 ,  -   ,,23062,Aman Road,,Pending,
16/Apr/26,16/Apr/26,,8631930776-77-78,332231426048-302231427761-322231428898,AVENUE SUPERMARTS LTD.,PHAGWARA,147,  2.03 ,PB10FF1166,3,"  1,820 ",  480 ,  735 ,,23066,Aman Road,,RECD,
16/Apr/26,16/Apr/26,,8631930779,342231431438,RELIANCE RETAIL LTD,BASSI-PATHANA,500,  5.46 ,PB07X9469,9,"  3,475 ","  3,525 ","  1,500 ","  1,000 ",23071,Aman Road,Holtage 1 Day,RECD,
16/Apr/26,17/Apr/26,,8631930773-74,342231404034-382231405042,SHIV SHAKTI ENTERPRISES,RAJPURA,375,  4.54 ,PB23J5497,20,"  3,730 ",  770 ,  -   ,,23064,Nice Transport,,RECD,
16/Apr/26,16/Apr/26,,8631930786-788,362231461080-362231464849,AVENUE SUPERMARTS LTD.,SAHNEWAL,89,  1.31 ,PB02BV9960,3,"  1,290 ","  1,710 ",  445 ,,23067,New Sodhi,,RECD,
16/Apr/26,16/Apr/26,,8631930790-91,332231470566-372231471590,AVENUE SUPERMARTS LTD.,LUDHIANA,90,  1.20 ,PB02BV9960,3,,,  450 ,,23068,New Sodhi,,RECD,
16/Apr/26,17/Apr/26,,8631930781-82-83,372231439684-352231441092-332231441814,AVENUE SUPERMARTS LTD.,PATIALA,200,  2.59 ,PB10JR5386,3,"  2,630 ",  670 ,"  1,600 ",,23065,Aman Road,,RECD,
16/Apr/26,16/Apr/26,,8631930793,302231477724,JAGDISH MITTER HARBINDER PAL,MAKHU,180,  2.95 ,HP836748,7,"  5,075 ","  1,025 ",  -   ,,23069,Aman Road,Club With 23070 &  23072,RECD,
16/Apr/26,16/Apr/26,,8631930794,372231478393,HARBANS LAL & SONS,MAKHU,11,  0.18 ,HP836748,,,,,,23070,Aman Road,Club With 23069 &  23072,RECD,
16/Apr/26,16/Apr/26,,8631930795,322231479487,AMAN TRADING CO,MOGA,210,  3.04 ,HP836748,,,,,,23072,Aman Road,Club With 23070 &  23069,RECD,
17/Apr/26,18/Apr/26,,8631930826,382231967779,LOVELY SWEETS,JALLANDHAR,500,  8.03 ,PB07X9469,9,"  4,555 ","  1,245 ",  -   ,,23073,Aman Road,,RECD,
17/Apr/26,17/Apr/26,,8631930828-29,312232054248-322232055819,AVENUE SUPERMARTS LTD.,ZIRAKPUR,303,  3.88 ,PB10CC6921,5,"  4,320 ","  1,880 ","  1,515 ",,23074,Aman Road,,Pending,
17/Apr/26,17/Apr/26,,8631930830-31-32-34-35-36,382232064826-322232066572-302232069041-372232071188-382232071842-362232072708,RELIANCE RETAIL LTD,SAMBHU,740,  10.20 ,PB11CB2467,15,"  7,270 ",  -   ,"  1,480 ",,23075,Nice Transport,,RECD,
17/Apr/26,17/Apr/26,,8631930839-843-845,362232088271-382232126577-332232130151,AVENUE SUPERMARTS LTD.,JALLANDHAR,264,  3.91 ,HP836748,7,"  2,765 ","  1,735 ","  1,320 ",,23076,Aman Road,,RECD,
17/Apr/26,17/Apr/26,,8631930844-46,352232129858-322232133821,SUKHDEEP ENTERPRISES,NADALA,108,  1.81 ,PB09M9496,3,"  1,629 ",  -   ,  -   ,,23077,Self,,RECD,
18/Apr/26,18/Apr/26,,8631930864,302232673024,SUBHASH CHANDER JIWAN KUMAR,MULLANPUR,324,  3.09 ,PB10FF1166,3,"  1,445 ",  255 ,  -   ,,23078,Aman Road,,RECD,
18/Apr/26,19/Apr/26,,8631930867-68-69,322232790246-342232791104-312232791907,RELIANCE RETAIL LTD,BASSI-PATHANA,689,  9.07 ,PB10GW6019,14,"  4,400 ","  2,600 ","  1,842 ",,23079,Aman Road,,RECD,
18/Apr/26,18/Apr/26,,8631930870,362232823841,JATINDRA FEED STORE,BASSI-PATHANA,225,  3.19 ,PB10KJ8947,3,"  2,800 ",  700 ,  -   ,,23080,Aman Road,,Pending,
18/Apr/26,19/Apr/26,,8631930872-73,352232832969-392232834305,AVENUE SUPERMARTS LTD.,LUDHIANA,134,  1.81 ,PB10GY7337,3,"  1,200 ",  300 ,  670 ,,23081,New Sodhi,,RECD,
18/Apr/26,18/Apr/26,,831930876-77,342232869753-382232871437,AVENUE SUPERMARTS LTD.,AMRITSAR,203,  3.00 ,PB10JR5386,3,"  4,800 ",  -   ,"  1,015 ",,23082,Aman Road,,Pending,
20/Apr/26,20/Apr/26,,8631930880,322233675773,LEKH RAJ & BROTHERS,NAWASAHAR,450,  6.13 ,PB07X9469,9,"  3,350 ","  1,150 ",  -   ,,23083,Aman Road,,RECD,
20/Apr/26,21/Apr/26,,8631930881-97,392233684374-342233763061,SUBHASH CHANDER JIWAN KUMAR,MULLANPUR,573,  9.97 ,PB10GW6019,14,"  4,200 ",  -   ,  -   ,,23084,Aman Road,,RECD,
20/Apr/26,20/Apr/26,,8631930882-83-84,392233691105-372233689753-372233692285,AVENUE SUPERMARTS LTD.,MOHALI,168,  2.25 ,PB10JR5386,3,"  2,430 ","  1,570 ",  840 ,,23085,Aman Road,,RECD,
20/Apr/26,20/Apr/26,,8631930885-87-89-90-91-93-94-96,342233699810-322233704262-362233708505-302233710375-392233713454-332233721149-392233723718-342233760835,MORE RETAIL LTD,BASSI-PATHANA,307,  3.96 ,PB06G2315,6,"  3,160 ",  640 ,  767 ,,23086,New Sodhi,,RECD,
20/Apr/26,20/Apr/26,,8631930898,302233776760,SURINDER KUMAR BHARAT BHUSHAN,PHAGWARA,612,  9.68 ,PB10JK6861,9,"  3,410 ","  1,890 ",  -   ,,23087,Aman Road,,RECD,
20/Apr/26,21/Apr/26,,8631930900,352233779566,KHUSHI RAM RAJ PAL JAIN,HOSHIARPUR,330,  5.18 ,PB07AS6258,9,"  3,307 ",  -   ,  -   ,,23088,SELF,,RECD,
20/Apr/26,20/Apr/26,,8631930901,302233794861,D.K. TRADING CO,PHAGWARA,312,  4.67 ,HP836748,7,"  2,280 ","  1,720 ",  -   ,,23089,Aman Road,,RECD,
20/Apr/26,21/Apr/26,,8631930903,312233803409,MAHAVIR TRADING CO,MULLANPUR,215,  2.55 ,PB11CN8710,12,"  4,575 ",  725 , -,,23090,New Sodhi,Club With 23093 (925 Labour Main Dal Gaye The But Actual Extra Frieght Main Dalne The),RECD,Combine With Cargill
20/Apr/26,21/Apr/26,,8631930923,342233889929,KARAM CHAND & SONS,MOGA,535,  6.49 ,PB11CN8710,,,,,,23093,New Sodhi,Club With 23090,RECD,Combine With Cargill
20/Apr/26,20/Apr/26,,8631930918,352233850382,BHARAT BHUSHAN & SONS,MOGA,614,  9.50 ,PB08BB9296,10,"  4,810 ",  690 ,  -   ,,23091,New Sodhi,,RECD,
20/Apr/26,20/Apr/26,,8631930921,362233876592,TULSI RAM RAKHA MAL,LUDHIANA,203,  2.13 ,PB10FF1166,3,"  1,200 ",  300 ,  -   ,,23092,Aman Road,,RECD,
21/Apr/26,21/Apr/26,,8631930982-83,302234455769-332234457496,AVENUE SUPERMARTS LTD.,JALLANDHAR,121,  1.60 ,PB08DS6626,3,"  2,125 ",  675 ,  605 ,,23094,Aman Road,CLUB WITH 23098,Pending,
21/Apr/26,21/Apr/26,,8631930994-95,362234515904-332234516700,SURINDER KUMAR BHARAT BHUSHAN,PHAGWARA,11,  0.15 ,PB08DS6626,3,,,,,23098,Aman Road,CLUB WITH 23094,Pending,
21/Apr/26,21/Apr/26,,8631930985-86-87,322234463531-382234464392-362234465018,AVENUE SUPERMARTS LTD.,BANUR,195,  2.30 ,PB11CB2467,15,"  5,420 ",  580 ,  975 ,,23095,Nice Transport,CLUB WITH 23096,RECD,
21/Apr/26,21/Apr/26,,863193088-89-90,342234473060-392234473515-392234475342,RELIANCE RETAIL LTD,BASSI-PATHANA,320,  3.43 ,PB11CB2467,15,,,  960 ,,23096,Nice Transport,CLUB WITH 23095,RECD,
21/Apr/26,21/Apr/26,,8631930991-92,302234483195-302234483898,AVENUE SUPERMARTS LTD.,GOBINDGARH,168,  2.62 ,PB10JR5386,3,"  1,745 ","  1,055 ",  840 ,,23097,Aman Road,,RECD,
21/Apr/26,21/Apr/26,,8631930997,322234533412,BHARAT BHUSHAN & SONS,MOGA,180,  3.15 ,PB10GW6019,14,"  5,315 ","  2,185 ",  -   ,,23099,Aman Road,CLUB WITH 23100,Pending,
21/Apr/26,21/Apr/26,,8631930998,392234536610,ISHWER CHAND & SONS,NIHAL-SINGH-WALA,365,  5.88 ,PB10GW6019,,,,,,23100,Aman Road,CLUB WITH 23099,Pending,
21/Apr/26,21/Apr/26,,8631931010,332234633265,OM PARKASH MEHTA AND BROTHERS,ANANDPUR,230,  3.20 ,PB13BV7172,3,"  2,900 ","  1,600 ",  -   ,,23101,New Sodhi,,RECD,
21/Apr/26,21/Apr/26,,8631931011,332234637171,JALANDHAR AGENCIES,JALLANDHAR,200,  2.97 ,PB02BV9960,3,"  2,125 ",  375 ,  -   ,,23102,New Sodhi,,RECD,
21/Apr/26,22/Apr/26,,8631931028-29,322234843030-302234843894,RAJ MATA ENTERPRISES,JALLANDHAR,495,  6.95 ,HP836748,7,"  4,220 ",  780 ,  -   ,,23106,Aman Road,,Pending,
22/Apr/26,22/Apr/26,,8631931044-46-48,382235249321-322235250635-332235251532,AVENUE SUPERMARTS LTD.,LUDHIANA,105,  1.42 ,PB10CZ1968,3,"  1,200 ",  100 ,  525 ,,23103,New Sodhi,,RECD,
22/Apr/26,22/Apr/26,,8631931049,302235252200,ASHISH TRADING CO,MULLANPUR,200,  3.00 ,PB10HZ5024,3,"  1,374 ",  -   ,  -   ,,23104,SELF,,RECD,
22/Apr/26,22/Apr/26,,8631931050-51,332235257811-382235258679,AVENUE SUPERMARTS LTD.,PATIALA,140,  1.68 ,PB10JR5386,3,"  2,630 ",  370 ,  700 ,,23105,Aman Road,,RECD,
22/Apr/26,22/Apr/26,,8631931058-59-60-61-62,312235338909-362235340095-352235343062-352235343608-382235345702,AVENUE SUPERMARTS LTD.,JALLANDHAR,306,  3.91 ,HP836748,7,"  2,770 ","  1,730 ","  1,530 ",,23107,Aman Road,,RECD,
22/Apr/26,22/Apr/26,,8631931065,332235386298,ASHOK KUMAR GUPTA & CO,LUDHIANA,200,  3.00 ,PB10FF1166,3,"  1,200 ",  500 ,  -   ,,23108,Aman Road,,Pending,
22/Apr/26,22/Apr/26,,8631931074,342235436468,KARAM CHAND & SONS,MOGA,651,  6.13 ,PB10GW6019,14,"  4,555 ","  1,545 ",  -   ,,23109,Aman Road,CLUB WITH 23111,Pending,
22/Apr/26,22/Apr/26,,8631931087,342235516898,SUBHASH CHANDER JIWAN KUMAR,MULLANPUR,291,  3.03 ,PB10GW6019,14,,,,,23111,Aman Road,CLUB WITH 23109,Pending,
22/Apr/26,23/Apr/26,,8631931083,362235489356,ASHOK KUMAR PARSHOTAM DASS,BATHINDA,214,  3.14 ,PB31Y4839,3,"  4,500 ",  -   ,  -   ,,23110,New Sodhi,,RECD,
22/Apr/26,23/Apr/26,,8631931086,332235510350,GARG BROTHERS,KOTKAPURA,204,  2.90 ,PB05AS3153,3,"  3,800 ",  -   ,  -   ,,23112,New Sodhi,,RECD,
23/Apr/26,24/Apr/26,,8631931114,332236013324,AMAN TRADING CO,MOGA,210,  3.32 ,PB03H1131,3,"  2,270 ",  330 ,  -   ,,23113,New Sodhi,,Pending,
23/Apr/26,23/Apr/26,,8631931116-17-18-19-20-21-22-23,392236080454-332236081321-332236083369-382236084198-302236086947-352236088993-392236090086-352236092572,RELIANCE RETAIL LTD,SAMBHU,390,  5.65 ,HR37F8346,15,"  5,000 ",  660 ,  780 ,"  1,000 ",23114,DELUXE,Holtage 1 Day,RECD,
23/Apr/26,23/Apr/26,,8631931125,352236112531,EKAM TRADING CO,LUDHIANA,20,  0.39 ,PB10HQ7343,3,  500 ,  -   ,  -   ,,23115,SELF,,RECD,
23/Apr/26,23/Apr/26,,8631931126,332236118674,KRISHNA TRADERS,LUDHIANA,185,  3.05 ,PB10FF1166,3,"  1,200 ",  600 ,  -   ,,23116,AMAN ROAD,,Pending,
23/Apr/26,23/Apr/26,,8631931127,382236129428,CHAUDHARY BROTHERS,KHAMANO,148,  2.06 ,PB10JR5386,3,"  2,120 ",  680 , -,,23117,AMAN ROAD,CLUB WITH 23118,Pending,
23/Apr/26,23/Apr/26,,8631931128,302236128801,CHAUDHRIAN DI HATTI,KHAMANO,80,  1.04 ,PB10JR5386,3,,,,,23118,AMAN ROAD,CLUB WITH 23117,Pending,
24/Apr/26,24/Apr/26,,8631931156,332236613687,BUNGE INDIA PVT LTD,MANDI-DEPOT,745,  8.99 ,HP24A7714,10,"  16,000 ",  -   ,  -   ,,23119,New Sodhi,,RECD,
24/Apr/26,24/Apr/26,,8631931157-58-59-60,312236667196-382236667689-332236669932-302236671136,RELIANCE RETAIL LTD,BASSI-PATHANA,364,  6.07 ,PB07X9469,9,"  3,840 ",  660 ,"  1,092 ",,23120,AMAN ROAD,,Pending,
24/Apr/26,24/Apr/26,,8631931162,332236697889,SUBHASH CHANDER TARUN KUMAR,NAWASAHAR,341,  3.67 ,HP836748,7,"  2,418 ","  1,582 ",  -   ,,23121,AMAN ROAD,Floopy Stock,Pending,
24/Apr/26,24/Apr/26,,8631931163-64,392236703423-322236704029,WAL-MART INDIA PVT LTD,LUDHIANA,100,  1.68 ,PB10FF1166,3,"  1,200 ",  -   ,  200 ,,23122,AMAN ROAD,,Pending,
24/Apr/26,24/Apr/26,,8631931167,342236844644,LEKH RAJ & BROTHERS,NAWASAHAR,220,  2.99 ,PB10JR5386,3,"  1,975 ",  825 ,  -   ,,23124,AMAN ROAD,,Pending,
24/Apr/26,24/Apr/26,,8631931176,302236926700,PARSHOTAM SINGH SAWRAN SINGH ,PHAGWARA,630,  10.21 ,PB10JK6861,9,"  3,620 ","  1,980 ",  -   ,,23123,AMAN ROAD,,Pending,
24/Apr/26,25/Apr/26,,8631931178-77,382236928867-392236928378,METRO CASH & CARRY,ZIRAKPUR,533,  7.47 ,PB02BY9401,9,"  6,415 ",,"  1,333 ","  1,000 ",23125,Nice Transport,Holtage 1 Day,RECD,
24/Apr/26,25/Apr/26,,8631931185,362236997535,RAJESH TRADING CO,JAHLERA,750,  9.75 ,HP72B3220,9,"  9,500 ",  -   ,  -   ,,23126,New Sodhi,,RECD,
24/Apr/26,26/Apr/26,,8631931193,342237020128,NARINDER PAL & SONS,KHALRA,378,  3.40 ,PB10JP8564,3,"  6,000 ",  -   ,  -   ,,23127,New Sodhi,,RECD,
25/Apr/26,25/Apr/26,,8631931210-25,312237474665-342237664108,S.R.N TRADERS,LUDHIANA,300,  4.50 ,HP836748,3,"  1,500 ","  1,000 ",  -   ,,23128-34,AMAN ROAD,,Pending,Party IS same
25/Apr/26,25/Apr/26,,8631931213-14,332237490203-312237492261,AVENUE SUPERMARTS LTD.,JALLANDHAR,120,  1.58 ,PB08DS6626,3,"  2,125 ",  875 ,  600 ,,23130,AMAN ROAD,,Pending,
25/Apr/26,25/Apr/26,,8631931212-211,322237489422-362237488517,AVENUE SUPERMARTS LTD.,LUDHIANA,112,  1.68 ,PB10JP8564,3,  -   ,  -   ,  560 ,,23129,New Sodhi,CLUB WITH 23132,RECD,
25-04-26,25/Apr/26,,8631931220-19-18,312237512824-332237512114-372237511407,AVENUE SUPERMARTS LTD.,LUDHIANA,86,  1.24 ,PB10JP8564,3,"  1,200 ","  1,000 ",  430 ,,23132,New Sodhi,CLUB WITH 23129,RECD,
25/Apr/26,25-04-26,,8631931215-16-17,322237498642-312237499741-392237500964,AVENUE SUPERMARTS LTD.,PHAGWARA,197,  2.80 ,PB10JR5386,3,"  1,820 ",  480 ,  985 ,,23131,AMAN ROAD,,Pending,
25/Apr/26,26/Apr/26,,8631931221,312237525736,BHARAT BHUSHAN & SONS,MOGA,573,  9.25 ,PB07X9469,9,"  4,680 ","  1,120 ",  -   ,,23133,AMAN ROAD,,Pending,
27/Apr/26,27/Apr/26,,8631931243-44,312238303818-362238303941,SURINDER KUMAR BHARAT BHUSHAN,PHAGWARA,220,  3.05 ,PB10JR5386,3,"  1,850 ",  450 ,  -   ,,23135,AMAN ROAD,,Pending,
27/Apr/26,27/Apr/26,,8631931247-50,352238465206-342238474887,ALWAR TRADERS,JALLANDHAR CANTT,220,  3.04 ,PB10JR5386,3,"  2,125 ",  675 ,  -   ,,23136,AMAN ROAD,,Pending,
27/Apr/26,27/Apr/26,,8631931248-49-51-52,332238473120-322238473891-372238475061-362238475857,MORE RETAIL LTD,BASSI-PATHANA,382,  4.94 ,HP836748,7,"  3,160 ","  1,340 ",  955 ,,23137,AMAN ROAD,,Pending,
27/Apr/26,28/Apr/26,,8631931253,372238583038,BALRAM SAHAI & SONS,AHMEDGARH,230,  2.99 ,PB02BV9960,3,"  1,870 ",  130 ,  -   ,,23138,New Sodhi,,RECD,
27/Apr/26,27/Apr/26,,8631931258,382238634540,OM PARKASH MEHTA AND BROTHERS,ANANDPUR,267,  3.16 ,PB11BA5983,3,"  2,960 ","  1,540 ",  -   ,,23139,New Sodhi,,RECD,
27-04-26,27/Apr/26,,8631931270,392238790407,LUXMI TRADERS,GARHSHANKAR,342,  5.75 ,PB10JK6861,9,"  3,605 ","  1,395 ",  -   ,,23140,AMAN ROAD,,Pending,
28/Apr/26,28/Apr/26,,8631931300-01,352239245339-392239237073,AVENUE SUPERMARTS LTD.,ZIRAKPUR,158,  2.00 ,PB19M2144,3,"  3,340 ",  460 ,  790 ,,23141,Lord Krishna,,RECD,
28/Apr/26,30/Apr/26,,8631931302-03-04,342239255111-352239256287-322239257140,AVENUE SUPERMARTS LTD.,LUDHIANA,104,  1.51 ,PB10JP8564,3,"  1,200 ",  300 ,  520 ,,23142,New Sodhi,,Pending,
28/Apr/26,28/Apr/26,,8631931305-08-09,322239260461-332239262910-362239263660,AVENUE SUPERMARTS LTD.,ZIRAKPUR,147,  1.87 ,PB10FF3278,3,"  3,340 ",  460 ,  735 ,,23143,Lord Krishna,,RECD,
28/Apr/26,28/Apr/26,,8631931310-11,322239283880-392239290696,SHIV SHAKTI ENTERPRISES,RAJPURA,615,  6.95 ,PB11BN9715,20,"  5,200 ",  -   ,  -   ,,23145,Nice Transport,,RECD,
28/Apr/26,28/Apr/26,,8631931312,392239299370,ASHISH TRADING CO,MULLANPUR,270,  4.54 ,PB06G2315,6,"  1,975 ",  825 ,  -   ,,23146,New Sodhi,,RECD,
28/Apr/26,28/Apr/26,,8631931307-13,302239262151-372239321565,AVENUE SUPERMARTS LTD.,JALLANDHAR,198,  2.52 ,HP836748,7,"  3,035 ","  1,765 ",  990 ,,23144,AMAN ROAD,CLIUB WITH 23148,Pending,
28/Apr/26,28/Apr/26,,8631931318-19,302239343922-312239344915,METRO CASH & CARRY,JALLANDHAR,225,  2.31 ,HP836748,7,,,  562 ,,23148,AMAN ROAD,CLIUB WITH 23144,Pending,
28/Apr/26,29/Apr/26,,8631931316-17,362239333880-392239339618,AVENUE SUPERMARTS LTD.,BARNALA,167,  2.18 ,PB13BP4857,5,  -   ,  -   ,  835 ,,23147,New Sodhi,CLUB WITH 23164,Pending,
28/Apr/26,29/Apr/26,,8631931320,362239347782,TULSI RAM RAKHA MAL,LUDHIANA,190,  2.98 ,PB10FF1166,3,"  1,200 ",  300 ,  -   ,,23149,AMAN ROAD,,Pending,
28/Apr/26,28/Apr/26,,8631931321-22,332239357849-372239367163,WAL-MART INDIA PVT LTD,LUDHIANA,200,  2.86 ,PB10JR5386,3,"  1,200 ",  800 ,  -   ,,23150,AMAN ROAD,,Pending,
28/Apr/26,28/Apr/26,,8631931338,302239422812,PARSHOTAM SINGH SAWRAN SINGH ,PHAGWARA,575,  9.50 ,PB07X9469,9,"  3,367 ","  1,933 ",  -   ,,23152,AMAN ROAD,,Pending,
28/Apr/26,30/Apr/26,,8631931330-32-34-35-37,362239417043-362239418257-392239419048-312239419958-3622394421367,AADHAAR RETAILING LTD,LUDHIANA,728,  10.66 ,PB11CN8710,10,"  2,960 ","  1,040 ","  1,456 ",,23151,New Sodhi,,Pending,
28/Apr/26,29/Apr/26,,8631931362,362239607909,KARAM CHAND & SONS,MOGA,660,  8.99 ,PB10AG6994,9,"  4,555 ",  845 ,  -   ,,23154,SELF,,RECD,
28/Apr/26,29/Apr/26,,8631931359,322239603088,KARAM CHAND & SONS,MOGA,245,  4.12 ,HP836748,7,"  3,250 ","  1,750 ",  -   ,,23153,AMAN ROAD,CLUB WITH 23155-56,Pending,
29/Apr/26,29/Apr/26,,8631931382,392239889663,CHANA TRADERS,MOGA,31,  0.32 ,HP836748,7,,,,,23156,AMAN ROAD,CLUB WITH 23153-55,Pending,
29/Apr/26,29/Apr/26,,8631931381,362239889581,AMAN TRADING CO,MOGA,70,  1.05 ,HP836748,7,,,,,23155,AMAN ROAD,CLUB WITH 23153-56,Pending,
29/Apr/26,29/Apr/26,,8631931384-87,332240043599-322240092712,CHAUDHRIAN DI HATTI,KHAMANO,390,  5.07 ,PB08BB9296,9,"  4,250 ","  1,950 ",  -   ,,23157,New Sodhi,CLUB WITH 23159,RECD,
29/Apr/26,29/Apr/26,,8631931388,342240095861,KAMAL ENTERPRISES,SAMRALA,232,  3.02 ,PB08BB9296,9,,,,,23159,New Sodhi,CLUB WITH 23157,RECD,
29/Apr/26,29/Apr/26,,8631931386,352240077297,BALWANT RAI KRISHAN LAL,LUDHIANA,700,  10.10 ,PB10GW6019,14,"  2,805 ","  1,195 ",  -   ,,23158,AMAN ROAD,,Pending,
29/Apr/26,29/Apr/26,,8631931389-90,322240108712-312240110996,AVENUE SUPERMARTS LTD.,JALLANDHAR,176,  2.34 ,PB08DS6626,3,"  2,125 ",  875 ,  880 ,,23160,AMAN ROAD,,RECD,
29/Apr/26,29/Apr/26,,8631931395-96,312240133104-322240133897,RELIANCE RETAIL LTD,BASSI-PATHANA,255,  2.50 ,PB10FF3278,3,"  2,600 ",  900 , -,,23162,LORD KRISHNA,Return Vechile,RECD,
29/Apr/26,30/Apr/26,,8631931398,372240146225,AIRPLAZA RETAIL HOLDING,NABHA,200,  3.36 ,PB10FF1166,3,"  3,300 ",  -   ,  700 ,,23163,AMAN ROAD,,Pending,
29/Apr/26,29/Apr/26,,831931391-92-93,352240113038-372240116286-312240117348,AVENUE SUPERMARTS LTD.,NAWASAHAR,132,  2.00 ,PB10FF1166,3,"  1,975 ",  825 ,  660 ,,23161,AMAN ROAD,,RECD,
29/Apr/26,30/Apr/26,,8631931403,332240178354,BRIJ LAL SOHAN LAL,BARNALA,271,  2.70 ,PB13BP4857,5,"  3,430 ","  1,570 ",  -   ,,23164,New Sodhi,CLUB WITH 23147,Pending,
29/Apr/26,30/Apr/26,,8631931414,392240224121,BALWANT RAI KRISHAN LAL,LUDHIANA,700,  10.00 ,PB08BB9296,9,"  2,780 ","  1,020 ",  -   ,,23166,New Sodhi,,Pending,
29/Apr/26,30/Apr/26,,8631931418,322240242560,AMAR SHIV SHAKTI TRADERS,SAMANA,860,  12.22 ,PB11CB2467,15,"  7,760 ",  385 ,  -   ,,23165,NICE TRANSPORT,,RECD,
29/Apr/26,30/Apr/26,,8631931417,332240284651,KARAM CHAND & SONS,MOGA,720,  10.10 ,PB11CN8710,10,"  5,111 ",  889 ,  -   ,,23167,New Sodhi,,Pending,
29/Apr/26,29/Apr/26,,8631931424,342240310821,MEHTA TRADING CO,ANANDPUR,220,  2.86 ,PB10JR5386,3,"  2,900 ","  1,600 ",  -   ,,23168,AMAN ROAD,,Pending,
30/Apr/26,30/Apr/26,,8631931458,352240688747,MANGAT RAI & SONS,DHARAMKOT,210,  3.33 ,PB05AS3153,3,"  2,700 ",  300 ,  -   ,,23169,New Sodhi,,RECD,
30/Apr/26,1/May/26,,8631931459,322240695537,MITTAL SALES CROP,JALLANDHAR,290,  2.98 ,HP836748,3,"  4,555 ","  1,245 ",  -   ,,23170,AMAN ROAD,CLUB WITH23174,Pending,
30/Apr/26,1/May/26,,8631931466,302240746561,BAJAJ OIL & BANSPATI TRADING CO,JALLANDHAR,260,  3.84 ,HP836748,4,,,,,23174,AMAN ROAD,CLUB WITH 23170,Pending,
30/Apr/26,30/Apr/26,,8631931460-61,332240703974-382240705751,MITTAL SALES CROP,JALLANDHAR,730,  9.18 ,PB07X9469,9,"  4,650 ","  1,350 ",  -   ,,23171,AMAN ROAD,,Pending,
30/Apr/26,,,8631931462-63,392240709772-352240712330,SHREE DURGA JI ENTERPRISES,LUDHIANA,375,  6.29 ,PB10JK6861,9,"  1,890 ","  1,110 ",  -   ,,23172,AMAN ROAD,,Pending,
30/Apr/26,30/Apr/26,,8631931464,372240714527,MOHIT KUMAR & CO,MOGA,185,  3.10 ,PB10FF3278,3,"  2,120 ",  880 ,  -   ,,23173,LORD KRISHNA,,Pending,
30/Apr/26,1/May/26,,8631931473,342240764325,KHUSHI RAM RAJ PAL JAIN,HOSHIARPUR,335,  4.71 ,PB10HC3852,9,  -   ,  -   ,  -   ,,23175,New Sodhi,CLUB WITH 23198,RECD,
30/Apr/26,30/Apr/26,,8631931477,392240840167,AGGARWAL ENTERPRISES,CHANDIGARH,200,  3.00 ,PB08EQ6279,3,"  3,635 ",  365 ,  -   ,,23176,New Sodhi,,Pending,
30/Apr/26,1/May/26,,8631931479,382240869284,EKAM TRADING CO,LUDHIANA,117,  1.61 ,PB10JR5386,3,"  1,200 ",  800 ,  -   ,,23182,AMAN ROAD,,Pending,
30/Apr/26,30/Apr/26,,8631931480,302240882401,PARSHOTAM SINGH SAWRAN SINGH ,PHAGWARA,535,  8.15 ,HP836748,9,"  3,077 ","  1,923 ",  -   ,,23183,AMAN ROAD,CLUB WITH 23184,Pending,
30/Apr/26,30/Apr/26,,8631931481,382240884287,SURINDER KUMAR BHARAT BHUSHAN,PHAGWARA,54,  0.54 ,HP836748,9,,,  -   ,,23184,AMAN ROAD,CLUB WITH 23183,Pending,
30/Apr/26,30/Apr/26,,8631931484,302240901847,VIJAY AGENCIES,NAKODAR,175,  2.16 ,PB08FF7158,3,"  1,400 ",  -   ,  -   ,,23186,SELF,,RECD,
30/Apr/26,,,8631931478,362240865129,MADAN KARYANA STORE,KHANNA,465,  6.45 ,PB06G2315,6,"  2,740 ","  1,260 ",  -   ,,23177,AMAN ROAD,,Pending,
30/Apr/26,1/May/26,,8631931486,352240911528,ISHWER CHAND & SONS,NIHAL-SINGH-WALA,600,  10.05 ,PB07X9469,9,"  5,945 ","  1,190 ",  -   ,,23188,AMAN ROAD,,Pending,
30/Apr/26,30-04-26,,8631931485,302240904411,CHAUDHRIAN DI HATTI,KHAMANO,200,  3.00 ,PB10JR5386,3,"  2,050 ",  750 ,  -   ,,23187,AMAN ROAD,,Pending,
30/Apr/26,,,8631931489,312240922078,METRO CASH & CARRY,ZIRAKPUR,950,  12.35 ,PB11BK2989,12,"  8,800 ",  -   ,"  2,375 ","  1,000 ",23189,NICE TRANSPORT,Holtage 1 Day,Pending,
30/Apr/26,1/May/26,,8631931490,332240923796,S.R.N TRADERS,LUDHIANA,200,  3.00 ,PB10FF1166,3,"  1,200 ",  300 ,  -   ,,23190,AMAN ROAD,,Pending,
30/Apr/26,30/Apr/26,,8631931496-98,372240953980-302240955084,SHIV SHAKTI ENTERPRISES,RAJPURA,625,  8.09 ,PB11BN5672,9,"  5,415 ",  -   ,  -   ,,23191,NICE TRANSPORT,,Pending,
30/Apr/26,1/May/26,,8631931487,332240944065,TARA CHAND SUSHIL KUMAR,CHANDIGARH,800,  10.40 ,CH01TB7517,10,"  6,604 ","  3,396 ",  -   ,,23179,New Sodhi,,Pending,
30/Apr/26,1/May/26,,8631931499,382240979905,AADHAAR RETAILING LTD,LUDHIANA,200,  3.36 ,PB10JP8564,3,"  1,344 ",  656 ,  400 ,,23192,New Sodhi,,Pending,
30/Apr/26,2/May/26,,8631931488,352240988593,TARA CHAND SUSHIL KUMAR,CHANDIGARH,800,  10.40 ,PB65BJ0199,10,"  6,604 ","  3,396 ",  -   ,,23180,New Sodhi,,Pending,
30/Apr/26,1/May/26,,8631931509,302241022163,AMIT ENTERPRISES,KOTKAPURA,620,  9.54 ,PB08BB9296,9,"  9,500 ",  -   ,  -   ,,23185,New Sodhi,,Pending,
30/Apr/26,01-05-26,,8631931507-10-11-13-16-18,332241021268-342241022727-332241023743-372241026447-322241033145-312241035630,AADHAAR RETAILING LTD,LUDHIANA,617,  8.15 ,PB08BB9296,9,"  2,445 ","  1,355 ","  1,234 ",,23193,New Sodhi,,Pending,
30/Apr/26,,,8631931529,372241085860,NARESH TRADERS,NAKODAR,885,  13.21 ,PB11CN8710,13,"  6,530 ",  970 ,  -   ,,23194,New Sodhi,,Pending,
30/Apr/26,,,8631931528,382241125664,TARA CHAND SUSHIL KUMAR,CHANDIGARH,800,  10.40 ,CH01TC4157,10,"  6,604 ","  3,396 ",  -   ,,23181,LORD KRISHNA,,Pending,
30/Apr/26,1/May/26,,8631931552,362241146065,KRISHNA TRADERS,LUDHIANA,400,  6.72 ,PB10JK6861,7,"  2,016 ","  1,284 ",  -   ,,23195,AMAN ROAD,,Pending,
30/Apr/26,,,8631931563,392241207329,MITTAL SALES CROP,JALLANDHAR,1200,  16.80 ,PB02DU8933,20,"  8,300 ", -,  -   ,,23196,SELF,,Pending,